{
	"system" : {
		"platform" : "windows64",
		"os_name" : "Windows 10",
		"os_version" : "10.0"
	},
	"error" : {
		"executable" : "quartus",
		"comment" : "not_applicable",
		"error_message" : "Access Violation at 0X00007FF8BCE8060E",
		"source_file" : "unknown",
		"line" : "0",
		"stack_trace" : "\t0x7ff8bce8060d: CCL_MSG + 0x5060d (?write_message@MSG_REPORT_FILE@@QEAA_NPEAVMSG_POST@@@Z + 0x4d)\n\t0x7ff82ba36a4e: SYS_QUI + 0x16a4e (?save_msg@QUI_DISPLAY@@QEAAXAEBVFIO_PATH@@@Z + 0x18e)\n\t0x7ff82ba54b23: SYS_QUI + 0x34b23 (?qui_save_pro_msg@@YAXXZ + 0x2e3)\n\t0x7ff82ba4a4f7: SYS_QUI + 0x2a4f7 (?flow_starting_setup@QUI_FRAME_WND@@QEAA_NW4FSTR_FLOW_ENUM@@_N@Z + 0x77)\n\t0x7ff82ba328f1: SYS_QUI + 0x128f1 (?start_flow@QUI_APP@@QEAA_NW4FSTR_FLOW_ENUM@@AEBV?$basic_string@DU?$char_traits@D@std@@V?$allocator@D@2@@std@@_N22@Z + 0x51)\n\t0x7ff82ba6e622: SYS_QUI + 0x4e622 (?start_compile_action@QUI_PROCESSING_MENU@@UEAAXXZ + 0x62)\n\t 0x717bd700: QtCore4 + 0x11d700 (?activate@QMetaObject@@SAXPEAVQObject@@PEBU1@HPEAPEAX@Z + 0x520)\n\t 0x70d0a09f: QtGui4 + 0xa09f (?activate@QAction@@QEAAXW4ActionEvent@1@@Z + 0xdf)\n\t 0x70d0bc99: QtGui4 + 0xbc99 (?event@QAction@@MEAA_NPEAVQEvent@@@Z + 0xa9)\n\t 0x70d22c55: QtGui4 + 0x22c55 (?notify_helper@QApplicationPrivate@@QEAA_NPEAVQObject@@PEAVQEvent@@@Z + 0xf5)\n\t 0x70d228ef: QtGui4 + 0x228ef (?notify@QApplication@@UEAA_NPEAVQObject@@PEAVQEvent@@@Z + 0x17bf)\n\t 0x717aec4b: QtCore4 + 0x10ec4b (?notifyInternal@QCoreApplication@@AEAA_NPEAVQObject@@PEAVQEvent@@@Z + 0x7b)\n\t 0x70d4f842: QtGui4 + 0x4f842 (??9QKeySequence@@QEBA_NAEBV0@@Z + 0xdc2)\n\t 0x70d50d17: QtGui4 + 0x50d17 (?setModifiers@QInputEvent@@QEAAXV?$QFlags@W4KeyboardModifier@Qt@@@@@Z + 0x437)\n\t 0x70d214c6: QtGui4 + 0x214c6 (?notify@QApplication@@UEAA_NPEAVQObject@@PEAVQEvent@@@Z + 0x396)\n\t 0x717aec4b: QtCore4 + 0x10ec4b (?notifyInternal@QCoreApplication@@AEAA_NPEAVQObject@@PEAVQEvent@@@Z + 0x7b)\n\t 0x70d9cc24: QtGui4 + 0x9cc24 (?qt_translateKeyCode@@YAHH@Z + 0x204)\n\t 0x70d9dc77: QtGui4 + 0x9dc77 (?qt_translateKeyCode@@YAHH@Z + 0x1257)\n\t 0x70d89a3e: QtGui4 + 0x89a3e (?winMouseButtonUp@QApplication@@SAXXZ + 0x1e9e)\n\t0x7ff8dc011cab: USER32 + 0x11cab (CallWindowProcW + 0x43b)\n\t0x7ff8dc010f05: USER32 + 0x10f05 (DispatchMessageW + 0x2b5)\n\t 0x717d3982: QtCore4 + 0x133982 (?processEvents@QEventDispatcherWin32@@UEAA_NV?$QFlags@W4ProcessEventsFlag@QEventLoop@@@@@Z + 0x3e2)\n\t 0x70d82004: QtGui4 + 0x82004 (?openPopup@QApplicationPrivate@@QEAAXPEAVQWidget@@@Z + 0x204)\n\t 0x717abb7b: QtCore4 + 0x10bb7b (?exec@QEventLoop@@QEAAHV?$QFlags@W4ProcessEventsFlag@QEventLoop@@@@@Z + 0x22b)\n\t 0x717ae18f: QtCore4 + 0x10e18f (?exec@QCoreApplication@@SAHXZ + 0xdf)\n\t0x7ff67069198b: quartus + 0x198b (?qgq_main@@YAHHPEAPEBD@Z + 0x8b)\n\t0x7ff8bce433a8: CCL_MSG + 0x133a8 (?msg_main_thread@@YAPEAXPEAX@Z + 0x18)\n\t0x7ff8bce44bae: CCL_MSG + 0x14bae (?msg_thread_wrapper@@YAPEAXP6APEAXPEAX@Z0@Z + 0x6e)\n\t0x7ff8bcf56af0: ccl_mem + 0x16af0 (?mem_thread_wrapper@@YAPEAXP6APEAXPEAX@Z0@Z + 0x70)\n\t0x7ff8bce42c41: CCL_MSG + 0x12c41 (?msg_exe_main@@YAHHPEAPEBDP6AHH0@Z@Z + 0xa1)\n\t0x7ff670692777: quartus + 0x2777 (WinMain + 0x127)\n\t0x7ff670691f40: quartus + 0x1f40 (__tmainCRTStartup + 0x148)\n\t0x7ff8dc3753df: KERNEL32 + 0x153df (BaseThreadInitThunk + 0xf)\n\t0x7ff8dd72485a: ntdll + 0x485a (RtlUserThreadStart + 0x2a)\n",
		"subsystem" : "unknown"
	},
	"quartus" : {
		"quartus_bits" : "64",
		"version" : "19.1.0",
		"build" : "670",
		"edition" : "Lite Edition"
	}
}